﻿Name,URL,Price
"Apple iPhone 6 (Gold, 32 GB)",/apple-iphone-6-gold-32-gb/p/itmewxhuufbzchrn?pid=MOBEWXHUSBXVJ7NZ&srno=s_1_1&otracker=search&lid=LSTMOBEWXHUSBXVJ7NZVRFXNL&fm=organic&iid=8f111dc7-d5a8-476b-8919-a3f9bd94d3af.MOBEWXHUSBXVJ7NZ.SEARCH&qH=0b3f45b266a97d70,"₹22,999"
"Apple iPhone 6s (Space Grey, 32 GB)",/apple-iphone-6s-space-grey-32-gb/p/itmen2yyjfzpspyg?pid=MOBEN2YYKU9386TQ&srno=s_1_2&otracker=search&lid=LSTMOBEN2YYKU9386TQCCN1OM&fm=organic&iid=dc4b606d-d8bd-4b10-8078-1ddd92cea039.MOBEN2YYKU9386TQ.SEARCH&qH=0b3f45b266a97d70,"₹28,999"
"Apple iPhone 6s (Gold, 32 GB)",/apple-iphone-6s-gold-32-gb/p/itmen2yynt6bz3gg?pid=MOBEN2YYQH8PSYXG&srno=s_1_3&otracker=search&lid=LSTMOBEN2YYQH8PSYXG4TGFKX&fm=organic&iid=31a48af1-e053-4cba-8f0f-d3d2273bbab3.MOBEN2YYQH8PSYXG.SEARCH&qH=0b3f45b266a97d70,"₹28,999"
"Apple iPhone 7 (Rose Gold, 32 GB)",/apple-iphone-7-rose-gold-32-gb/p/itmen6dapsvxanrk?pid=MOBEMK62JSRHU85T&srno=s_1_4&otracker=search&lid=LSTMOBEMK62JSRHU85TIU9DKW&fm=organic&iid=9d70078c-622a-4fbd-a418-6029e503fca4.MOBEMK62JSRHU85T.SEARCH&qH=0b3f45b266a97d70,"₹38,999"
"Apple iPhone 7 Plus (Black, 32 GB)",/apple-iphone-7-plus-black-32-gb/p/itmen6davhyetcwf?pid=MOBEMK6289R7UFQH&srno=s_1_5&otracker=search&lid=LSTMOBEMK6289R7UFQHATZSZL&fm=organic&iid=f992a277-d4fe-4396-bb78-dbe7abfe2b59.MOBEMK6289R7UFQH.SEARCH&qH=0b3f45b266a97d70,"₹48,999"
"Apple iPhone 7 (Black, 32 GB)",/apple-iphone-7-black-32-gb/p/itmen6daftcqwzeg?pid=MOBEMK62PN2HU7EE&srno=s_1_6&otracker=search&lid=LSTMOBEMK62PN2HU7EEKDSYNO&fm=organic&iid=563e845d-9028-4442-b9b2-7698edaa8475.MOBEMK62PN2HU7EE.SEARCH&qH=0b3f45b266a97d70,"₹39,790"
"Apple iPhone 6s (Rose Gold, 32 GB)",/apple-iphone-6s-rose-gold-32-gb/p/itmen2yymnfcrxsz?pid=MOBEN2XYK8WFEGM8&srno=s_1_7&otracker=search&lid=LSTMOBEN2XYK8WFEGM8OLZJVL&fm=organic&iid=bfb51c54-4552-4685-806c-adec11f6d1ec.MOBEN2XYK8WFEGM8.SEARCH&qH=0b3f45b266a97d70,"₹29,990"
"Apple iPhone 7 Plus (Gold, 32 GB)",/apple-iphone-7-plus-gold-32-gb/p/itmen6daschjypr3?pid=MOBEMK62YVHPH7MV&srno=s_1_8&otracker=search&lid=LSTMOBEMK62YVHPH7MV09FRMG&fm=organic&iid=95e13f6e-2945-4509-833f-74b0ab89dec5.MOBEMK62YVHPH7MV.SEARCH&qH=0b3f45b266a97d70,"₹48,999"
"Apple iPhone XR (Black, 64 GB)",/apple-iphone-xr-black-64-gb/p/itmf9z7zxu4uqyz2?pid=MOBF9Z7ZPHGV4GNH&srno=s_1_9&otracker=search&lid=LSTMOBF9Z7ZPHGV4GNH9IFADQ&fm=organic&iid=4ba8b172-a77d-4469-904f-15c848fda099.MOBF9Z7ZPHGV4GNH.SEARCH&qH=0b3f45b266a97d70,"₹69,999"
"Apple iPhone XR (White, 64 GB)",/apple-iphone-xr-white-64-gb/p/itmf9z7zhgzkmgm3?pid=MOBF9Z7ZUYC2EYQD&srno=s_1_10&otracker=search&lid=LSTMOBF9Z7ZUYC2EYQDVYJTIC&fm=organic&iid=eaf23e1c-e324-4db2-a111-2030a5a4c4f8.MOBF9Z7ZUYC2EYQD.SEARCH&qH=0b3f45b266a97d70,"₹69,999"
"Apple iPhone 7 (Gold, 32 GB)",/apple-iphone-7-gold-32-gb/p/itmen6daf99nhhjz?pid=MOBEMK62HZHC6TFU&srno=s_1_11&otracker=search&lid=LSTMOBEMK62HZHC6TFUHGVQFY&fm=organic&iid=e87257d7-4b2c-4d4d-900e-309e59473f00.MOBEMK62HZHC6TFU.SEARCH&qH=0b3f45b266a97d70,"₹38,999"
"Apple iPhone 6s Plus (Gold, 32 GB)",/apple-iphone-6s-plus-gold-32-gb/p/itmen2yyeftbdt2y?pid=MOBEN2YY9PHNXRNZ&srno=s_1_12&otracker=search&lid=LSTMOBEN2YY9PHNXRNZV3S7LI&fm=organic&iid=0266e53f-c84b-4737-a9e3-0b81d290b54a.MOBEN2YY9PHNXRNZ.SEARCH&qH=0b3f45b266a97d70,"₹33,999"
Mu M200,/mu-m200/p/itmfy9g3gkke9gpz?pid=MOBFY9G37HGXGHHF&srno=s_1_13&otracker=search&lid=LSTMOBFY9G37HGXGHHFBYY3GZ&fm=organic&iid=76eb5a4e-7013-478c-968e-c912825ca6a6.MOBFY9G37HGXGHHF.SEARCH&qH=0b3f45b266a97d70,₹869
"Apple iPhone 7 (Silver, 32 GB)",/apple-iphone-7-silver-32-gb/p/itmen6dawz2g5dry?pid=MOBEMK62HSQDSGGF&srno=s_1_14&otracker=search&lid=LSTMOBEMK62HSQDSGGFHXPMBD&fm=organic&iid=e4f44b08-85b1-4166-a5ce-971b81111536.MOBEMK62HSQDSGGF.SEARCH&qH=0b3f45b266a97d70,"₹38,999"
"Apple iPhone XR (Black, 128 GB)",/apple-iphone-xr-black-128-gb/p/itmf9z7zhdgzwmzm?pid=MOBF9Z7ZYWNFGZUC&srno=s_1_15&otracker=search&lid=LSTMOBF9Z7ZYWNFGZUCEOHXKN&fm=organic&iid=cc0f63ae-e480-45cd-9aa9-e98a4d60652d.MOBF9Z7ZYWNFGZUC.SEARCH&qH=0b3f45b266a97d70,"₹74,999"
"Apple iPhone XR (Coral, 64 GB)",/apple-iphone-xr-coral-64-gb/p/itmf9z7zqzzt7bmv?pid=MOBF9Z7ZAFUMF6AG&srno=s_1_16&otracker=search&lid=LSTMOBF9Z7ZAFUMF6AG57HRQS&fm=organic&iid=9710befa-25d1-4ba1-96cc-f471d68e347c.MOBF9Z7ZAFUMF6AG.SEARCH&qH=0b3f45b266a97d70,"₹69,999"
"Apple iPhone 8 (Space Grey, 64 GB)",/apple-iphone-8-space-grey-64-gb/p/itmexrgvkkvhjhuk?pid=MOBEXRGVPHW9QZ2S&srno=s_1_17&otracker=search&lid=LSTMOBEXRGVPHW9QZ2SXQ2WFU&fm=organic&iid=be701cce-a38c-406f-b437-4cee0800a45f.MOBEXRGVPHW9QZ2S.SEARCH&qH=0b3f45b266a97d70,"₹58,999"
"Apple iPhone 8 (Silver, 64 GB)",/apple-iphone-8-silver-64-gb/p/itmexrgvsw7vedwq?pid=MOBEXRGVRZFCMMYD&srno=s_1_18&otracker=search&lid=LSTMOBEXRGVRZFCMMYDA2PXEI&fm=organic&iid=eb7d6fe9-edc3-4f9b-993b-44ffdd49d797.MOBEXRGVRZFCMMYD.SEARCH&qH=0b3f45b266a97d70,"₹58,999"
"Apple iPhone XR (Blue, 64 GB)",/apple-iphone-xr-blue-64-gb/p/itmf9z7z4dgvug4h?pid=MOBF9Z7ZPZDS7RKH&srno=s_1_19&otracker=search&lid=LSTMOBF9Z7ZPZDS7RKHAHDXLO&fm=organic&iid=5992abd5-3ca4-4433-b38c-60056ac91320.MOBF9Z7ZPZDS7RKH.SEARCH&qH=0b3f45b266a97d70,"₹69,999"
"Apple iPhone XR (Yellow, 256 GB)",/apple-iphone-xr-yellow-256-gb/p/itmf9z7zkvfz8adt?pid=MOBF9Z7ZWPFCEXHS&srno=s_1_20&otracker=search&lid=LSTMOBF9Z7ZWPFCEXHSGGNA6A&fm=organic&iid=da432263-2881-4c5d-91e5-59c7ab93d89a.MOBF9Z7ZWPFCEXHS.SEARCH&qH=0b3f45b266a97d70,"₹84,999"
"Apple iPhone 6s (Silver, 32 GB)",/apple-iphone-6s-silver-32-gb/p/itmen2yyhbbky4nu?pid=MOBEN2YYDY9YZHFT&srno=s_1_21&otracker=search&lid=LSTMOBEN2YYDY9YZHFTMT6VHO&fm=organic&iid=6525be8a-db2d-426b-a5b3-1a2e0b2a83b2.MOBEN2YYDY9YZHFT.SEARCH&qH=0b3f45b266a97d70,"₹28,999"
"Apple iPhone XR (Coral, 128 GB)",/apple-iphone-xr-coral-128-gb/p/itmf9z7zgxx5wgez?pid=MOBF9Z7ZS6GF5UAP&srno=s_1_22&otracker=search&lid=LSTMOBF9Z7ZS6GF5UAP6EED2I&fm=organic&iid=a23f1c79-f92c-4ef3-861c-ee9d3f9edff5.MOBF9Z7ZS6GF5UAP.SEARCH&qH=0b3f45b266a97d70,"₹74,999"
"Apple iPhone 8 (Silver, 256 GB)",/apple-iphone-8-silver-256-gb/p/itmexrgvae48gzhp?pid=MOBEXRGVMZWUHCBA&srno=s_1_23&otracker=search&lid=LSTMOBEXRGVMZWUHCBAFXLQGZ&fm=organic&iid=4847904b-d30a-4076-a6fa-95f107d1c945.MOBEXRGVMZWUHCBA.SEARCH&qH=0b3f45b266a97d70,"₹68,999"
"Apple iPhone 6s Plus (Space Grey, 16 GB)",/apple-iphone-6s-plus-space-grey-16-gb/p/itmebysggxtbyupw?pid=MOBEBY3VXTHDJTUV&srno=s_1_24&otracker=search&lid=LSTMOBEBY3VXTHDJTUVPHQU7J&fm=organic&iid=64a5c1ad-6445-43f3-a761-985a106433de.MOBEBY3VXTHDJTUV.SEARCH&qH=0b3f45b266a97d70,"₹42,900"
"Apple iPhone 6 (Space Grey, 32 GB)",/apple-iphone-6-space-grey-32-gb/p/itmetmh3hfhnxtcj?pid=MOBETMH3ZYNDPVVC&srno=s_3_49&otracker=search&lid=LSTMOBETMH3ZYNDPVVCHXHD3R&fm=organic&iid=d87b5b11-e3c8-4ce2-a20e-65fb002dddcb.MOBETMH3ZYNDPVVC.SEARCH&ppt=SearchPage&ppn=Search&qH=0b3f45b266a97d70,"₹24,599"
"Apple iPhone 8 (Gold, 64 GB)",/apple-iphone-8-gold-64-gb/p/itmexrgvcbsga3zz?pid=MOBEXRGVZWHDW2RQ&srno=s_3_50&otracker=search&lid=LSTMOBEXRGVZWHDW2RQYDFWKR&fm=organic&iid=7f09edba-5274-40fb-aa51-0410dc97959a.MOBEXRGVZWHDW2RQ.SEARCH&ppt=SearchPage&ppn=Search&qH=0b3f45b266a97d70,"₹58,799"
"Apple iPhone XR (White, 128 GB)",/apple-iphone-xr-white-128-gb/p/itmf9z7zrz4tbhwm?pid=MOBF9Z7ZZY3HCDZZ&srno=s_3_51&otracker=search&lid=LSTMOBF9Z7ZZY3HCDZZYYGEUW&fm=organic&iid=a8b849bd-a064-4e31-b2f7-08e168ee3ebc.MOBF9Z7ZZY3HCDZZ.SEARCH&ppt=SearchPage&ppn=Search&qH=0b3f45b266a97d70,"₹74,999"
"Apple iPhone 8 (Gold, 256 GB)",/apple-iphone-8-gold-256-gb/p/itmexrgv8bvfbzgw?pid=MOBEXRGVPK7PFEJZ&srno=s_3_52&otracker=search&lid=LSTMOBEXRGVPK7PFEJZUTZOXO&fm=organic&iid=a787a06c-dd03-40d4-98ed-fefcdd83d3b9.MOBEXRGVPK7PFEJZ.SEARCH&ppt=SearchPage&ppn=Search&qH=0b3f45b266a97d70,"₹68,999"
"Apple iPhone XS (Gold, 256 GB)",/apple-iphone-xs-gold-256-gb/p/itmf944easznbrpv?pid=MOBF944EHRNMGXGF&srno=s_3_53&otracker=search&lid=LSTMOBF944EHRNMGXGFXXLRZO&fm=organic&iid=e95e676e-de52-4ff8-aac2-a012a8fd9c84.MOBF944EHRNMGXGF.SEARCH&ppt=SearchPage&ppn=Search&qH=0b3f45b266a97d70,"₹1,14,900"
"Apple iPhone XR (Blue, 128 GB)",/apple-iphone-xr-blue-128-gb/p/itmf9z7zegyb2ush?pid=MOBF9Z7Z25H88GT9&srno=s_3_54&otracker=search&lid=LSTMOBF9Z7Z25H88GT9CHSPZX&fm=organic&iid=0e0fb4c9-d702-4f24-a6b9-66e3bf7c4acd.MOBF9Z7Z25H88GT9.SEARCH&ppt=SearchPage&ppn=Search&qH=0b3f45b266a97d70,"₹74,999"
"Apple iPhone XR (White, 256 GB)",/apple-iphone-xr-white-256-gb/p/itmf9z7zsx9keyup?pid=MOBF9Z7ZEHAGRKZC&srno=s_3_55&otracker=search&lid=LSTMOBF9Z7ZEHAGRKZCXZYDTX&fm=organic&iid=e461a717-9cf0-4a9e-b574-9eccc6d4312a.MOBF9Z7ZEHAGRKZC.SEARCH&ppt=SearchPage&ppn=Search&qH=0b3f45b266a97d70,"₹84,999"
"Apple iPhone XR (Coral, 256 GB)",/apple-iphone-xr-coral-256-gb/p/itmf9z7zpqsnhggt?pid=MOBF9Z7ZJZ2PKSQQ&srno=s_3_56&otracker=search&lid=LSTMOBF9Z7ZJZ2PKSQQRBCCNV&fm=organic&iid=9de00268-f5d2-4791-b017-37092d2adbfd.MOBF9Z7ZJZ2PKSQQ.SEARCH&ppt=SearchPage&ppn=Search&qH=0b3f45b266a97d70,"₹84,999"
"Apple iPhone 7 Plus (Silver, 128 GB)",/apple-iphone-7-plus-silver-128-gb/p/itmen6dasgrgvdwq?pid=MOBEMK62G6SVRKGB&srno=s_3_57&otracker=search&lid=LSTMOBEMK62G6SVRKGBH0BOYS&fm=organic&iid=eeac0c7e-835c-4a45-a8aa-e18031c1f5dc.MOBEMK62G6SVRKGB.SEARCH&ppt=SearchPage&ppn=Search&qH=0b3f45b266a97d70,"₹61,890"
"Apple iPhone XS Max (Gold, 64 GB)",/apple-iphone-xs-max-gold-64-gb/p/itmf944et3whfhyz?pid=MOBF944EYAZHDE8S&srno=s_3_58&otracker=search&lid=LSTMOBF944EYAZHDE8SZ47LOQ&fm=organic&iid=c03624c8-11ca-4936-9251-e3086757d0ea.MOBF944EYAZHDE8S.SEARCH&ppt=SearchPage&ppn=Search&qH=0b3f45b266a97d70,"₹1,09,900"
"Apple iPhone 7 Plus (Jet Black, 128 GB)",/apple-iphone-7-plus-jet-black-128-gb/p/itmesxrhpzte5uag?pid=MOBEMK62XUGQPJFB&srno=s_3_59&otracker=search&lid=LSTMOBEMK62XUGQPJFBWBLKRP&fm=organic&iid=81589d53-d1cc-4c4f-88d5-887565f472ca.MOBEMK62XUGQPJFB.SEARCH&ppt=SearchPage&ppn=Search&qH=0b3f45b266a97d70,"₹60,680"
"Apple iPhone XS (Space Grey, 256 GB)",/apple-iphone-xs-space-grey-256-gb/p/itmf944ekrw6mgzf?pid=MOBF944EWY4DHWUD&srno=s_3_60&otracker=search&lid=LSTMOBF944EWY4DHWUDM6WKZC&fm=organic&iid=1738710f-bb70-475c-a9af-ba50a37698a9.MOBF944EWY4DHWUD.SEARCH&ppt=SearchPage&ppn=Search&qH=0b3f45b266a97d70,"₹1,14,900"
"Apple iPhone X (Silver, 64 GB)",/apple-iphone-x-silver-64-gb/p/itmexrgvze5as67e?pid=MOBEXRGVF8NHMGXJ&srno=s_3_61&otracker=search&lid=LSTMOBEXRGVF8NHMGXJSD2QYW&fm=organic&iid=e5b70b4b-080b-4a4e-820d-e9d46372b0be.MOBEXRGVF8NHMGXJ.SEARCH&ppt=SearchPage&ppn=Search&qH=0b3f45b266a97d70,"₹77,100"
"Apple iPhone 7 Plus (Silver, 256 GB)",/apple-iphone-7-plus-silver-256-gb/p/itmen6dazfmphbhh?pid=MOBEMK62UQNEVZZJ&srno=s_3_62&otracker=search&lid=LSTMOBEMK62UQNEVZZJFAON6V&fm=organic&iid=581fdb35-fbbc-40de-8fb4-1e072d1cb5fd.MOBEMK62UQNEVZZJ.SEARCH&ppt=SearchPage&ppn=Search&qH=0b3f45b266a97d70,"₹64,900"
"Apple iPhone XS Max (Space Grey, 64 GB)",/apple-iphone-xs-max-space-grey-64-gb/p/itmf944egfh8mgvg?pid=MOBF944EEFJDUYH6&srno=s_3_63&otracker=search&lid=LSTMOBF944EEFJDUYH6EOFYSJ&fm=organic&iid=3ca8d82c-dc52-4cba-aeca-d5dca3a8fa42.MOBF944EEFJDUYH6.SEARCH&ppt=SearchPage&ppn=Search&qH=0b3f45b266a97d70,"₹1,09,900"
"Apple iPhone X (Space Gray, 64 GB)",/apple-iphone-x-space-gray-64-gb/p/itmexrgv6hctyrav?pid=MOBEXRGVCMGVCGGQ&srno=s_3_64&otracker=search&lid=LSTMOBEXRGVCMGVCGGQGEAZUS&fm=organic&iid=52e72106-fd64-4feb-9e01-362a0d0440ef.MOBEXRGVCMGVCGGQ.SEARCH&ppt=SearchPage&ppn=Search&qH=0b3f45b266a97d70,"₹77,300"
"Apple iPhone 7 Plus (Black, 128 GB)",/apple-iphone-7-plus-black-128-gb/p/itmen6dasgrskmyh?pid=MOBEMK62XSANTWGZ&srno=s_3_65&otracker=search&lid=LSTMOBEMK62XSANTWGZFZBZM0&fm=organic&iid=eb7fbe60-2e32-43be-a96b-460fa514325b.MOBEMK62XSANTWGZ.SEARCH&ppt=SearchPage&ppn=Search&qH=0b3f45b266a97d70,"₹60,500"
"Apple iPhone XS (Space Grey, 64 GB)",/apple-iphone-xs-space-grey-64-gb/p/itmf944ees7rprte?pid=MOBF944E5FTGHNCR&srno=s_3_66&otracker=search&lid=LSTMOBF944E5FTGHNCRVHZRVL&fm=organic&iid=f284f26e-aa64-41e4-89f6-05ae36afdc28.MOBF944E5FTGHNCR.SEARCH&ppt=SearchPage&ppn=Search&qH=0b3f45b266a97d70,"₹98,100"
"Apple iPhone 7 (Black, 128 GB)",/apple-iphone-7-black-128-gb/p/itmen6daqhtbuzhj?pid=MOBEMK62E7YZEVZ8&srno=s_3_67&otracker=search&lid=LSTMOBEMK62E7YZEVZ80BN1QO&fm=organic&iid=8c297db7-2f48-49ce-ae19-7b16d7f61d7f.MOBEMK62E7YZEVZ8.SEARCH&ppt=SearchPage&ppn=Search&qH=0b3f45b266a97d70,"₹57,500"
"Apple iPhone XS (Silver, 64 GB)",/apple-iphone-xs-silver-64-gb/p/itmf944ecjfgcg6h?pid=MOBF944E3AAPWGHC&srno=s_3_68&otracker=search&lid=LSTMOBF944E3AAPWGHCIRN28H&fm=organic&iid=ba477c1b-5433-4628-bf88-770fd4f24406.MOBF944E3AAPWGHC.SEARCH&ppt=SearchPage&ppn=Search&qH=0b3f45b266a97d70,"₹96,900"
"Apple iPhone X (Silver, 256 GB)",/apple-iphone-x-silver-256-gb/p/itmexrgv4cgmrxxp?pid=MOBEXRGVVTMF9FYV&srno=s_3_69&otracker=search&lid=LSTMOBEXRGVVTMF9FYVTISOMU&fm=organic&iid=60e8f987-eed2-4298-8841-3bb93d9d7d1b.MOBEXRGVVTMF9FYV.SEARCH&ppt=SearchPage&ppn=Search&qH=0b3f45b266a97d70,"₹1,00,000"
"Apple iPhone XS (Gold, 64 GB)",/apple-iphone-xs-gold-64-gb/p/itmf944emgqmhujk?pid=MOBF944EAPESBRZM&srno=s_3_70&otracker=search&lid=LSTMOBF944EAPESBRZMNZC0FO&fm=organic&iid=4b2de347-1e27-469a-bb4b-b814a8587dfc.MOBF944EAPESBRZM.SEARCH&ppt=SearchPage&ppn=Search&qH=0b3f45b266a97d70,"₹97,800"
"Apple iPhone 7 (Gold, 128 GB)",/apple-iphone-7-gold-128-gb/p/itmen6da7hw5ykrm?pid=MOBEMK62Z4P8FEQM&srno=s_3_71&otracker=search&lid=LSTMOBEMK62Z4P8FEQMTAKRYX&fm=organic&iid=18e36581-5bf5-4ed0-af19-6304d5b1ff31.MOBEMK62Z4P8FEQM.SEARCH&ppt=SearchPage&ppn=Search&qH=0b3f45b266a97d70,"₹50,950"
"Apple iPhone 8 (PRODUCT)RED (Red, 256 GB)",/apple-iphone-8-product-red-red-256-gb/p/itmf46h3kb6ftuaw?pid=MOBF46H32HVY9Y39&srno=s_3_72&otracker=search&lid=LSTMOBF46H32HVY9Y39ZHRY2M&fm=organic&iid=67179b1f-45d8-4f65-aeda-f5b315f94d14.MOBF46H32HVY9Y39.SEARCH&ppt=SearchPage&ppn=Search&qH=0b3f45b266a97d70,"₹68,999"
"Apple iPhone XS Max (Silver, 256 GB)",/apple-iphone-xs-max-silver-256-gb/p/itmfd9j86y4dedrf?pid=MOBF944EXGAJFC2J&srno=s_4_73&otracker=search&lid=LSTMOBF944EXGAJFC2JYI7PLF&fm=organic&iid=bb4764af-3609-403b-9e15-7c8453317b1d.MOBF944EXGAJFC2J.SEARCH&ppt=SearchPage&ppn=Search&qH=0b3f45b266a97d70,"₹1,24,900"
"Apple iPhone 8 Plus (Space Grey, 256 GB)",/apple-iphone-8-plus-space-grey-256-gb/p/itmexrgvzkbyqgtf?pid=MOBEXRGVAC6TJT4F&srno=s_4_74&otracker=search&lid=LSTMOBEXRGVAC6TJT4FMUAMSG&fm=organic&iid=7ec139d3-a8e0-42be-81fc-22617d47f8fb.MOBEXRGVAC6TJT4F.SEARCH&ppt=SearchPage&ppn=Search&qH=0b3f45b266a97d70,"₹79,999"
"Apple iPhone XS (Space Grey, 512 GB)",/apple-iphone-xs-space-grey-512-gb/p/itmf944ekkvgte45?pid=MOBF944EMFSDPY4U&srno=s_4_75&otracker=search&lid=LSTMOBF944EMFSDPY4UKKSQJ2&fm=organic&iid=96fc1dac-a1a1-40e8-98b5-e13a460f2a9d.MOBF944EMFSDPY4U.SEARCH&ppt=SearchPage&ppn=Search&qH=0b3f45b266a97d70,"₹1,34,900"
"Apple iPhone X (Space Gray, 256 GB)",/apple-iphone-x-space-gray-256-gb/p/itmf3syz84rypvwu?pid=MOBEXRGVCYGG2KXA&srno=s_4_76&otracker=search&lid=LSTMOBEXRGVCYGG2KXA1D1FP6&fm=organic&iid=53046cf0-38d9-4f07-abf9-859e5e6870f2.MOBEXRGVCYGG2KXA.SEARCH&ppt=SearchPage&ppn=Search&qH=0b3f45b266a97d70,"₹89,900"
"Apple iPhone XS Max (Space Grey, 256 GB)",/apple-iphone-xs-max-space-grey-256-gb/p/itmf944eubytchgq?pid=MOBF944EKCGDWFTA&srno=s_4_77&otracker=search&lid=LSTMOBF944EKCGDWFTASM59UX&fm=organic&iid=d3b72fd9-010b-451e-b986-c2fd92250125.MOBF944EKCGDWFTA.SEARCH&ppt=SearchPage&ppn=Search&qH=0b3f45b266a97d70,"₹1,24,900"
"Apple iPhone 6s Plus (Silver, 16 GB)",/apple-iphone-6s-plus-silver-16-gb/p/itmeby3v49xd2f3y?pid=MOBEBY3WJBHTTFHU&srno=s_4_78&otracker=search&lid=LSTMOBEBY3WJBHTTFHUUIZ8QL&fm=organic&iid=8313527f-87ec-438a-b37f-44cb03e9a1b6.MOBEBY3WJBHTTFHU.SEARCH&ppt=SearchPage&ppn=Search&qH=0b3f45b266a97d70,"₹42,980"
"Apple iPhone 7 (Rose Gold, 256 GB)",/apple-iphone-7-rose-gold-256-gb/p/itmen6datuq4cprk?pid=MOBEMK6FQTAG4YTK&srno=s_4_79&otracker=search&lid=LSTMOBEMK6FQTAG4YTKSS5RB1&fm=organic&iid=494da2c4-5818-4980-b44c-bf2af79ffbb1.MOBEMK6FQTAG4YTK.SEARCH&ppt=SearchPage&ppn=Search&qH=0b3f45b266a97d70,"₹58,989"
"Apple iPhone 8 Plus (PRODUCT)RED (Red, 256 GB)",/apple-iphone-8-plus-product-red-red-256-gb/p/itmf46h3ygtukunz?pid=MOBF46H3VNSGXGPU&srno=s_4_80&otracker=search&lid=LSTMOBF46H3VNSGXGPUHCPGUO&fm=organic&iid=df222f41-0424-4182-886e-61bc033b12c2.MOBF46H3VNSGXGPU.SEARCH&ppt=SearchPage&ppn=Search&qH=0b3f45b266a97d70,"₹79,999"
"Apple iPhone 8 Plus (Gold, 256 GB)",/apple-iphone-8-plus-gold-256-gb/p/itmexrgvagh8wkws?pid=MOBEXRGVSTEBWUZB&srno=s_4_81&otracker=search&lid=LSTMOBEXRGVSTEBWUZB8MC6A2&fm=organic&iid=64a8cb8f-812d-4e4c-a805-44d419d57bc2.MOBEXRGVSTEBWUZB.SEARCH&ppt=SearchPage&ppn=Search&qH=0b3f45b266a97d70,"₹79,999"
"Apple iPhone XS Max (Silver, 512 GB)",/apple-iphone-xs-max-silver-512-gb/p/itmf944eb6mavqhf?pid=MOBF944EZ2CUVGPH&srno=s_4_82&otracker=search&lid=LSTMOBF944EZ2CUVGPHJKRMXG&fm=organic&iid=da3e631a-904e-40f2-a65b-2240da792568.MOBF944EZ2CUVGPH.SEARCH&ppt=SearchPage&ppn=Search&qH=0b3f45b266a97d70,"₹1,32,000"
"Apple iPhone 7 (PRODUCT) (Red, 256 GB)",/apple-iphone-7-product-red-256-gb/p/itmetyby68fzvvfz?pid=MOBESTTFA4ZDUMWM&srno=s_4_83&otracker=search&lid=LSTMOBESTTFA4ZDUMWMCPQLLN&fm=organic&iid=f2345ef5-2af0-4cd2-accd-a6a0f1c1d1f6.MOBESTTFA4ZDUMWM.SEARCH&ppt=SearchPage&ppn=Search&qH=0b3f45b266a97d70,"₹59,900"
"Apple iPhone SE (Gold, 32 GB)",/apple-iphone-se-gold-32-gb/p/itmetm9frzqcdrcm?pid=MOBETM93HMBGUQKH&srno=s_4_84&otracker=search&lid=LSTMOBETM93HMBGUQKHZVFD5O&fm=organic&iid=2af4e5cd-b63c-449d-b5f4-157b9f7cbf57.MOBETM93HMBGUQKH.SEARCH&ppt=SearchPage&ppn=Search&qH=0b3f45b266a97d70,"₹16,999"
"Apple iPhone SE (Rose Gold, 32 GB)",/apple-iphone-se-rose-gold-32-gb/p/itmetm9fyy3n7zfz?pid=MOBETM93F7DGJNN5&srno=s_4_85&otracker=search&lid=LSTMOBETM93F7DGJNN5VCOWGW&fm=organic&iid=fae21f8c-ba72-431c-97f3-3c00325eab11.MOBETM93F7DGJNN5.SEARCH&ppt=SearchPage&ppn=Search&qH=0b3f45b266a97d70,"₹16,999"
"Apple iPhone SE (Space Grey, 32 GB)",/apple-iphone-se-space-grey-32-gb/p/itmetm9fypda5rfs?pid=MOBETM9FZWW5UEZG&srno=s_4_86&otracker=search&lid=LSTMOBETM9FZWW5UEZGJKPO31&fm=organic&iid=946c4714-1af6-453f-b159-69ad59b0b5f8.MOBETM9FZWW5UEZG.SEARCH&ppt=SearchPage&ppn=Search&qH=0b3f45b266a97d70,"₹17,999"
"Apple iPhone 6s Plus (Rose Gold, 32 GB)",/apple-iphone-6s-plus-rose-gold-32-gb/p/itmen2yyuyggpx32?pid=MOBEN2YYNZNK7MPF&srno=s_4_87&otracker=search&lid=LSTMOBEN2YYNZNK7MPFKY9CMG&fm=organic&iid=336bda3a-f83d-4789-a7c9-12a07cb94a03.MOBEN2YYNZNK7MPF.SEARCH&ppt=SearchPage&ppn=Search&qH=0b3f45b266a97d70,"₹33,999"
"Apple iPhone 7 (Black, 256 GB)",/apple-iphone-7-black-256-gb/p/itmen6das2kghbqf?pid=MOBEMK62MBVHSRWV&srno=s_4_88&otracker=search&lid=LSTMOBEMK62MBVHSRWVYZ3QPV&fm=organic&iid=951b3b0d-9ee5-4f71-8ca9-0107e1b77da7.MOBEMK62MBVHSRWV.SEARCH&ppt=SearchPage&ppn=Search&qH=0b3f45b266a97d70,"₹63,999"
"Apple iPhone 6s Plus (Silver, 32 GB)",/apple-iphone-6s-plus-silver-32-gb/p/itmen2yyfzgggn6j?pid=MOBEN2YY7FHXEPQH&srno=s_4_89&otracker=search&lid=LSTMOBEN2YY7FHXEPQHXFLPL4&fm=organic&iid=e2268163-55bb-4731-8f9f-6d8f16d897d5.MOBEN2YY7FHXEPQH.SEARCH&ppt=SearchPage&ppn=Search&qH=0b3f45b266a97d70,"₹33,999"
"Apple iPhone 6s (Rose Gold, 16 GB)",/apple-iphone-6s-rose-gold-16-gb/p/itmebysgqqaranas?pid=MOBEBY3VG2Z2HVGJ&srno=s_4_90&otracker=search&lid=LSTMOBEBY3VG2Z2HVGJIJTEC0&fm=organic&iid=97d2dc18-73d7-429c-a6c9-f72789f1e9f3.MOBEBY3VG2Z2HVGJ.SEARCH&ppt=SearchPage&ppn=Search&qH=0b3f45b266a97d70,"₹31,999"
"Apple iPhone 7 (Rose Gold, 128 GB)",/apple-iphone-7-rose-gold-128-gb/p/itmen6daxthjmcx3?pid=MOBEMK62MSKHHEYZ&srno=s_4_91&otracker=search&lid=LSTMOBEMK62MSKHHEYZIDW6QR&fm=organic&iid=c9d11c11-1ba6-48f5-97db-31e7a38853c1.MOBEMK62MSKHHEYZ.SEARCH&ppt=SearchPage&ppn=Search&qH=0b3f45b266a97d70,"₹49,999"
"Apple iPhone 7 (Jet Black, 32 GB)",/apple-iphone-7-jet-black-32-gb/p/itmexrhyhffwbnzm?pid=MOBEXRHYYRTEN8KX&srno=s_4_92&otracker=search&lid=LSTMOBEXRHYYRTEN8KXPTJRZJ&fm=organic&iid=70e9bbcc-0b10-4b61-bb33-6297108c4615.MOBEXRHYYRTEN8KX.SEARCH&ppt=SearchPage&ppn=Search&qH=0b3f45b266a97d70,"₹39,900"
"Apple iPhone SE (Silver, 32 GB)",/apple-iphone-se-silver-32-gb/p/itmetm9fwstfc2qc?pid=MOBETM93KHC97KAV&srno=s_4_93&otracker=search&lid=LSTMOBETM93KHC97KAVU4MLTY&fm=organic&iid=11786147-6608-450d-8c6a-aeb2d9bc07d0.MOBETM93KHC97KAV.SEARCH&ppt=SearchPage&ppn=Search&qH=0b3f45b266a97d70,"₹17,999"
"Apple iPhone 7 (Silver, 256 GB)",/apple-iphone-7-silver-256-gb/p/itmen6dacbwxcygx?pid=MOBEMK62Q2UMYBUZ&srno=s_4_94&otracker=search&lid=LSTMOBEMK62Q2UMYBUZLXVHSR&fm=organic&iid=631aaa22-2909-4017-aaa5-8e063adfb1bd.MOBEMK62Q2UMYBUZ.SEARCH&ppt=SearchPage&ppn=Search&qH=0b3f45b266a97d70,"₹63,999"
"Apple iPhone XS Max (Gold, 512 GB)",/apple-iphone-xs-max-gold-512-gb/p/itmf944e6sv4mwye?pid=MOBF944EKEC6UZKA&srno=s_4_95&otracker=search&lid=LSTMOBF944EKEC6UZKA187HOE&fm=organic&iid=00c5dabf-7f01-4275-9a97-83ccf568bee3.MOBF944EKEC6UZKA.SEARCH&ppt=SearchPage&ppn=Search&qH=0b3f45b266a97d70,"₹1,44,900"
"Apple iPhone 7 (Jet Black, 256 GB)",/apple-iphone-7-jet-black-256-gb/p/itmen6dafqzwjufy?pid=MOBEMK62Y45MSBGZ&srno=s_4_96&otracker=search&lid=LSTMOBEMK62Y45MSBGZPFEWHB&fm=organic&iid=17b11dac-3395-44fc-9e29-0c562937ba90.MOBEMK62Y45MSBGZ.SEARCH&ppt=SearchPage&ppn=Search&qH=0b3f45b266a97d70,"₹63,999"
"Apple iPhone 5C (Yellow, 8 GB)",/apple-iphone-5c-yellow-8-gb/p/itmffg4gdds5tf7d?pid=MOBDWXZTVZGU2CTP&srno=s_7_145&otracker=search&lid=LSTMOBDWXZTVZGU2CTPVVU61W&fm=organic&iid=76a1f96b-ba94-4979-8277-6f9c0c06c581.MOBDWXZTVZGU2CTP.SEARCH&ppt=SearchPage&ppn=Search&qH=0b3f45b266a97d70,"₹37,500"
"Apple iPhone 5C (Pink, 8 GB)",/apple-iphone-5c-pink-8-gb/p/itmffg4gdds5tf7d?pid=MOBDWXZT9JQZ9JFC&srno=s_7_146&otracker=search&lid=LSTMOBDWXZT9JQZ9JFCSYSGQV&fm=organic&iid=809d09f5-edf6-4330-a656-5ec8589422ce.MOBDWXZT9JQZ9JFC.SEARCH&ppt=SearchPage&ppn=Search&qH=0b3f45b266a97d70,"₹22,199"
"Apple iPhone 5C (Yellow, 32 GB)",/apple-iphone-5c-yellow-32-gb/p/itmffg4gdds5tf7d?pid=MOBDPNKCYZGGRQFR&srno=s_7_147&otracker=search&lid=LSTMOBDPNKCYZGGRQFR47GS8R&fm=organic&iid=1ef60ee3-97c0-4ac0-becc-4b302da433b4.MOBDPNKCYZGGRQFR.SEARCH&ppt=SearchPage&ppn=Search&qH=0b3f45b266a97d70,"₹25,999"
"Apple iPhone XR ((PRODUCT)RED, 64 GB)",/apple-iphone-xr-product-red-64-gb/p/itmf9z7zhydhtbn5?pid=MOBF9Z7ZRWGTX3FA&srno=s_7_148&otracker=search&lid=LSTMOBF9Z7ZRWGTX3FAWC8NB0&fm=organic&iid=67123b22-f419-4ff8-b8d4-99ac12ec708f.MOBF9Z7ZRWGTX3FA.SEARCH&ppt=SearchPage&ppn=Search&qH=0b3f45b266a97d70,"₹69,999"
"Apple iPhone SE (Silver, 64 GB)",/apple-iphone-se-silver-64-gb/p/itmehgsc2njtp9z2?pid=MOBEHGSCECUFFWS6&srno=s_7_149&otracker=search&lid=LSTMOBEHGSCECUFFWS6ETWUP1&fm=organic&iid=8ec67071-7342-487c-baab-1a58a4e58f93.MOBEHGSCECUFFWS6.SEARCH&ppt=SearchPage&ppn=Search&qH=0b3f45b266a97d70,"₹42,990"
"Apple iPhone 5C (Pink, 16 GB)",/apple-iphone-5c-pink-16-gb/p/itmevt7z5zbkswf6?pid=MOBDPNKCYZRUPMMC&srno=s_7_150&otracker=search&lid=LSTMOBDPNKCYZRUPMMCCRVQFJ&fm=organic&iid=2382e2a5-f8ef-4c42-ae91-b3b6d8d63466.MOBDPNKCYZRUPMMC.SEARCH&ppt=SearchPage&ppn=Search&qH=0b3f45b266a97d70,"₹30,490"
"Apple IPhone 4 (Black, 8 GB)",/apple-iphone-4-black-8-gb/p/itmffg4kmdpfp9vn?pid=MOBDKMDBHTTXAHEN&srno=s_7_151&otracker=search&lid=LSTMOBDKMDBHTTXAHENY9FNR1&fm=organic&iid=7d9fe137-ec4d-4438-8e80-a107fa1e7e4c.MOBDKMDBHTTXAHEN.SEARCH&ppt=SearchPage&ppn=Search&qH=0b3f45b266a97d70,"₹20,824"
"Apple iPhone 5C (Yellow, 16 GB)",/apple-iphone-5c-yellow-16-gb/p/itmffg4gdds5tf7d?pid=MOBDPNKCNPNJA4BQ&srno=s_7_152&otracker=search&lid=LSTMOBDPNKCNPNJA4BQNU7SVR&fm=organic&iid=d0024cb3-ffeb-4e92-bdde-397e883a1140.MOBDPNKCNPNJA4BQ.SEARCH&ppt=SearchPage&ppn=Search&qH=0b3f45b266a97d70,"₹29,990"
"Apple iPhone 6 Plus (Silver, 16 GB)",/apple-iphone-6-plus-silver-16-gb/p/itmffg4n8nkzfscq?pid=MOBEYHZ2YBFZTV3S&srno=s_7_153&otracker=search&lid=LSTMOBEYHZ2YBFZTV3S3XGP67&fm=organic&iid=1100058f-6519-4262-932c-b4d41d0fe5ad.MOBEYHZ2YBFZTV3S.SEARCH&ppt=SearchPage&ppn=Search&qH=0b3f45b266a97d70,"₹40,849"
"Apple iPhone XS (Gold, 512 GB)",/apple-iphone-xs-gold-512-gb/p/itmf944ephf6hcyk?pid=MOBF944EJH95XRGS&srno=s_7_154&otracker=search&lid=LSTMOBF944EJH95XRGSNB2UXA&fm=organic&iid=46c13dd2-0831-471e-8041-feb6bf76918a.MOBF944EJH95XRGS.SEARCH&ppt=SearchPage&ppn=Search&qH=0b3f45b266a97d70,"₹1,34,900"
"Apple iPhone 7 (Silver, 128 GB)",/apple-iphone-7-silver-128-gb/p/itmen6darrpfrqdn?pid=MOBEMK62CMNPYBHN&srno=s_7_155&otracker=search&lid=LSTMOBEMK62CMNPYBHNJI57HL&fm=organic&iid=58d25baf-136c-4f8b-8c4c-0bee6011605e.MOBEMK62CMNPYBHN.SEARCH&ppt=SearchPage&ppn=Search&qH=0b3f45b266a97d70,"₹49,999"
"Apple iPhone 5 (White, 16 GB)",/apple-iphone-5-white-16-gb/p/itmdv6es5kddazyn?pid=MOBDKMJE4FTQHRZU&srno=s_7_156&otracker=search&lid=LSTMOBDKMJE4FTQHRZUWHPVWA&fm=organic&iid=16f4b6d0-960f-4984-8de9-a23b899c9eba.MOBDKMJE4FTQHRZU.SEARCH&ppt=SearchPage&ppn=Search&qH=0b3f45b266a97d70,"₹43,750"
"Apple iPhone 7 (Red, 128 GB)",/apple-iphone-7-red-128-gb/p/itmesttfr5f5pgux?pid=MOBESTTFAZYQGYG9&srno=s_7_157&otracker=search&lid=LSTMOBESTTFAZYQGYG9GMWCKW&fm=organic&iid=c31590a8-e365-40de-9ddc-ca1f1fcaf34c.MOBESTTFAZYQGYG9.SEARCH&ppt=SearchPage&ppn=Search&qH=0b3f45b266a97d70,"₹49,999"
"Apple iPhone 6 (Silver, 64 GB)",/apple-iphone-6-silver-64-gb/p/itmey3ndwjre2dgf?pid=MOBEYHZ2VRNZZ2J5&srno=s_7_158&otracker=search&lid=LSTMOBEYHZ2VRNZZ2J5CTWBYU&fm=organic&iid=1eb0145d-550e-4f05-8e11-6555f1de6008.MOBEYHZ2VRNZZ2J5.SEARCH&ppt=SearchPage&ppn=Search&qH=0b3f45b266a97d70,"₹25,999"
"Apple iPhone 6 (Silver, 16 GB)",/apple-iphone-6-silver-16-gb/p/itmey3ndwjre2dgf?pid=MOBEYHZ2NUZGCHKN&srno=s_7_159&otracker=search&lid=LSTMOBEYHZ2NUZGCHKN7PMDIN&fm=organic&iid=1ea6e1e2-ba1c-4714-9ece-95e1adef0140.MOBEYHZ2NUZGCHKN.SEARCH&ppt=SearchPage&ppn=Search&qH=0b3f45b266a97d70,"₹36,990"
"Apple iPhone SE (Rose Gold, 64 GB)",/apple-iphone-se-rose-gold-64-gb/p/itmehgscyhvfbtgm?pid=MOBEHGSBDYGRHAXF&srno=s_7_160&otracker=search&lid=LSTMOBEHGSBDYGRHAXF0QYMVG&fm=organic&iid=3c007c4c-f82d-4266-b6e4-5efae2125dbb.MOBEHGSBDYGRHAXF.SEARCH&ppt=SearchPage&ppn=Search&qH=0b3f45b266a97d70,"₹28,999"
"Apple iPhone 7 Plus (Jet Black, 32 GB)",/apple-iphone-7-plus-jet-black-32-gb/p/itmexrhy2ptvjw4k?pid=MOBEXRHYHNQHXUHW&srno=s_7_161&otracker=search&lid=LSTMOBEXRHYHNQHXUHWQZW4JH&fm=organic&iid=a768768e-6ebe-4ae8-9b64-e8ff9cd9f2f0.MOBEXRHYHNQHXUHW.SEARCH&ppt=SearchPage&ppn=Search&qH=0b3f45b266a97d70,"₹48,999"
"Apple iPhone 6 (Gold, 16 GB)",/apple-iphone-6-gold-16-gb/p/itmey3ndwjre2dgf?pid=MOBEYGPZAHZQMCKZ&srno=s_7_162&otracker=search&lid=LSTMOBEYGPZAHZQMCKZQ79VZF&fm=organic&iid=01331062-0b71-4afa-85ba-189a88652e24.MOBEYGPZAHZQMCKZ.SEARCH&ppt=SearchPage&ppn=Search&qH=0b3f45b266a97d70,"₹36,499"
"Apple iPhone 6 (Gold, 128 GB)",/apple-iphone-6-gold-128-gb/p/itmey3ndwjre2dgf?pid=MOBEYHZ254METXXB&srno=s_7_163&otracker=search&lid=LSTMOBEYHZ254METXXBQ9G9VY&fm=organic&iid=53ac71ad-9c1b-4624-83ad-7f65621e7ebb.MOBEYHZ254METXXB.SEARCH&ppt=SearchPage&ppn=Search&qH=0b3f45b266a97d70,"₹49,999"
"Apple iPhone 6s (Rose Gold, 64 GB)",/apple-iphone-6s-rose-gold-64-gb/p/itmeby3vdbfypzhj?pid=MOBEBY3VECD4BVVH&srno=s_7_164&otracker=search&lid=LSTMOBEBY3VECD4BVVH4U61XS&fm=organic&iid=1799a8e5-edd5-4658-b2c8-3f09b351a874.MOBEBY3VECD4BVVH.SEARCH&ppt=SearchPage&ppn=Search&qH=0b3f45b266a97d70,"₹34,999"
"Apple iPhone 6s (Gold, 64 GB)",/apple-iphone-6s-gold-64-gb/p/itmebysgqertms7g?pid=MOBEBY3V6HYJHTUB&srno=s_7_165&otracker=search&lid=LSTMOBEBY3V6HYJHTUB2FZ61X&fm=organic&iid=f253c724-b27e-4765-8384-903e8013a027.MOBEBY3V6HYJHTUB.SEARCH&ppt=SearchPage&ppn=Search&qH=0b3f45b266a97d70,"₹49,999"
"Apple iPhone 4s (White, 8 GB)",/apple-iphone-4s-white-8-gb/p/itmeuyd8gzcz4rsr?pid=MOBDQD7UUUM57Y5W&srno=s_7_166&otracker=search&lid=LSTMOBDQD7UUUM57Y5WRJ9V3S&fm=organic&iid=c8852899-c998-4cb9-9752-3fe15dcb8835.MOBDQD7UUUM57Y5W.SEARCH&ppt=SearchPage&ppn=Search&qH=0b3f45b266a97d70,"₹12,999"
"Apple iPhone 4s (Black, 8 GB)",/apple-iphone-4s-black-8-gb/p/itmeuyd8gzcz4rsr?pid=MOBDQD7UHBGZHRPN&srno=s_7_167&otracker=search&lid=LSTMOBDQD7UHBGZHRPNRNVDEV&fm=organic&iid=d28850a8-de2e-4e9a-814c-b38c27d95c6b.MOBDQD7UHBGZHRPN.SEARCH&ppt=SearchPage&ppn=Search&qH=0b3f45b266a97d70,"₹12,999"
"Apple iPhone 6 (Silver, 128 GB)",/apple-iphone-6-silver-128-gb/p/itmey3ndwjre2dgf?pid=MOBEYHZ2GY7HDHHG&srno=s_7_168&otracker=search&lid=LSTMOBEYHZ2GY7HDHHGTEVEJR&fm=organic&iid=1c8a81da-a442-4b80-9c94-debdb984f38b.MOBEYHZ2GY7HDHHG.SEARCH&ppt=SearchPage&ppn=Search&qH=0b3f45b266a97d70,"₹62,999"
